<?xml version="3.0" encoding="UTF-8" standalone="yes"?>
<addon id="plugin.video.pikachu.matrix"
       name="[COLOR goldenrod][B]Pikachu [COLOR forestgreen]Etretenimentos[/B][/COLOR]"
       version="1.1.0+matrix.1"
       provider-name="Pikachu">
<requires>
    <import addon="xbmc.python" version="3.0.0"/>
	<import addon="script.module.beautifulsoup4"/>	
    <import addon="script.module.simplejson"/>
    <import addon="script.module.six" version="1.0.0"/>
    <import addon="script.module.kodi-six" version="0.1.3.1"/>
    <import addon="script.module.requests" version="2.7.0"/> 
    <import addon="script.module.simplecache" version="1.0.0"/>
    <import addon="script.module.routing" version="0.2.3"/>
</requires> 
<extension point="xbmc.python.pluginsource" library="default.py">
	<provides>video</provides>
</extension>   
<extension point="xbmc.addon.metadata">
	 <summary lang="en">TV, Movies, Series, Drawings Online - Pikachu Entretenimentos Official Repository</summary>
	<summary lang="pt">TV,Filmes,Series,Desenhos Online - Repositorio Oficial Pikachu Entretenimentos</summary>
	<description lang="en">[COLOR goldenrod][B]Pikachu [COLOR forestgreen]Etretenimentos[/B][/COLOR] 
	        [COLOR goldenrod] The Add-on offers TV, Movies, Series, Online Drawings - Pikachu Entretenimentos Official Repository, links that are fully functional and constantly
updated NOTE: The creator of this Add-on does not host any content, we just reorganized, indexed it again, all content can be found on the internet with a simple search. [/ COLOR],</description>
	<description lang="pt">TV,Filmes,Series,Desenhos Online - Repositorio Oficial Pikachu Entretenimentos
[COLOR goldenrod][B]Pikachu [COLOR forestgreen]Etretenimentos[/B][/COLOR] 
[COLOR goldenrod]O Add-on oferece TV,Filmes,Series,Desenhos Online - Repositório Oficial Pikachu Entretenimentos, links totalmente funcionais e constantemente
atualizados OBS: O criador desse Add-on não hospeda nenhum conteúdo apenas reorganizamos, indexamos novamente, todo conteúdo pode ser encontrado na internet com busca simples.[/COLOR],</description>
    <disclaimer lang="en">The author is in no way affiliated with Kodi, Team Kodi or the XBMC Foundation. This is a non-profit resource.</disclaimer>
	<disclaimer lang="pt">[COLOR goldenrod][B]Pikachu [COLOR forestgreen]Etretenimentos[/B][/COLOR]
[COLOR goldenrod]O  autor não é de forma alguma afiliado à Kodi, à Team Kodi ou à XBMC Foundation. Este é um recurso sem fins lucrativos, organizado exclusivamente para fins educacionais e protegido pela doutrina de uso justo da Lei de Direitos Autorais, especificamente a seção 107, que promove a liberdade de expressão, permitindo o uso não licenciado de obras protegidas por direitos autorais; nao tem nenhuma afiliação com o provedor de conteúdo.[COLOR goldenrod][B]Pikachu [COLOR forestgreen]Etretenimentos[/B][/COLOR]</disclaimer>
	<platform>all</platform>
	<assets>
       <icon>icon.png</icon>
       <fanart>fanart.jpg</fanart>
<screenshot>resources/screenshots/serie.jpg</screenshot>
<screenshot>resources/screenshots/novela.jpg</screenshot>
<screenshot>resources/screenshots/tv.jpg</screenshot>
</assets>
	<news>
v1.2.0.matrix.1
- Corrigido Add-on. -- Update 27-07-22  --
- Atualização das Imagens do Add-on Créditos Pikachu Entretenimentos "Pikachu Entretenimentos"


	</news>
</extension>
</addon>